ANNEE,CONSOMMATION,EMISSION
2005,57369.30413,15676.1
2010,54845.38735,15004.6
2012,53555.31946,14642.3
2015,52041.15018,14192
2017,50501.18611,13857
